tensor_id,layer_name,shannon_entropy,renyi_entropy,tsallis_entropy,local_entropy_mean,local_entropy_std,local_entropy_min,local_entropy_max,residual_entropy,entropy_stability,normalized_entropy,entropy_percentile
0,model.embed_tokens.weight,5.88450288772583,5.641408443450928,0.9799660444259644,7.057428834136576,0.12490084691568379,4.57466459274292,7.442159175872803,6.015104293823242,3.147125244140625e-05,0.7355628609657288,0.22885572139303484
1,model.layers.0.self_attn.q_proj.weight,6.644868850708008,5.44342565536499,0.977019190788269,6.133060267282417,0.9787067036453819,1.592435598373413,7.335324287414551,6.688554286956787,0.0,0.830608606338501,0.24378109452736318
2,model.layers.0.self_attn.k_proj.weight,6.004114151000977,4.49937105178833,0.9557865858078003,5.545159316621721,0.9339129902932954,3.529454231262207,7.293619155883789,6.2474517822265625,0.0,0.7505142688751221,0.23880597014925373
3,model.layers.0.self_attn.v_proj.weight,7.641371250152588,7.3714070320129395,0.9939607381820679,7.247205121442676,0.07020304719198307,7.063353061676025,7.474008560180664,7.378236293792725,0.0,0.9551714062690735,0.2835820895522388
4,model.layers.0.self_attn.o_proj.weight,7.640299320220947,7.383138179779053,0.9940096139907837,7.210014033596963,0.2816735560777041,1.087266206741333,7.5168938636779785,7.357128620147705,0.0,0.9550374150276184,0.27860696517412936
5,model.layers.0.mlp.gate_proj.weight,7.736472129821777,7.564113616943359,0.9947158694267273,7.334418571257794,0.08780393615501443,6.709600448608398,7.543134689331055,7.43151330947876,0.0,0.9670590162277222,0.5124378109452736
6,model.layers.0.mlp.up_proj.weight,7.75325870513916,7.595242977142334,0.9948286414146423,7.353909147606993,0.07286232645052222,6.754545211791992,7.550910949707031,7.4463114738464355,0.0,0.969157338142395,0.746268656716418
7,model.layers.0.mlp.down_proj.weight,7.736911773681641,7.566742897033691,0.9947254657745361,7.33460519881919,0.10793382750130234,5.933924674987793,7.53875732421875,7.437460899353027,0.0,0.9671139717102051,0.5373134328358209
8,model.layers.0.input_layernorm.weight,2.743377685546875,2.160344123840332,0.7762970924377441,3.1180390119552612,0.2872986800346282,2.6530704498291016,3.436539649963379,3.5277771949768066,0.0012421607971191406,0.3429222106933594,0.004975124378109453
9,model.layers.0.post_attention_layernorm.weight,2.8270721435546875,2.345503807067871,0.8032417297363281,3.4411036372184753,0.40721941299203523,2.845756769180298,3.87689471244812,2.756352424621582,0.002178192138671875,0.35338401794433594,0.009950248756218905
10,model.layers.1.self_attn.q_proj.weight,7.497031211853027,7.0724711418151855,0.9925702810287476,7.09263226413168,0.1866219564543111,6.024040222167969,7.4686713218688965,7.282254219055176,0.0,0.9371289014816284,0.2537313432835821
11,model.layers.1.self_attn.k_proj.weight,7.427007675170898,6.955657482147217,0.9919436573982239,7.024825167842209,0.20063358956632144,5.838593482971191,7.442227363586426,7.226248741149902,0.0,0.9283759593963623,0.24875621890547264
12,model.layers.1.self_attn.v_proj.weight,7.637490749359131,7.379316806793213,0.9939937591552734,7.242088419385254,0.08485034093506204,6.873683452606201,7.429591178894043,7.3605499267578125,0.0,0.9546863436698914,0.2736318407960199
13,model.layers.1.self_attn.o_proj.weight,7.747797012329102,7.586986541748047,0.9947989583015442,7.352202739799395,0.0660849080973818,6.741575717926025,7.517020225524902,7.43930721282959,0.0,0.9684746265411377,0.6716417910447762
14,model.layers.1.mlp.gate_proj.weight,7.752967834472656,7.595783710479736,0.9948306083679199,7.355103219097311,0.0704773534100354,5.808683395385742,7.548206329345703,7.44467306137085,0.0,0.969120979309082,0.736318407960199
15,model.layers.1.mlp.up_proj.weight,7.753700256347656,7.597042083740234,0.9948350787162781,7.357017946133221,0.0683298335688802,5.799115180969238,7.570737361907959,7.446525573730469,0.0,0.969212532043457,0.7562189054726368
16,model.layers.1.mlp.down_proj.weight,7.754824638366699,7.598785877227783,0.9948413372039795,7.354527087162503,0.09151891703586172,6.0310845375061035,7.5526933670043945,7.449033737182617,0.0,0.9693530797958374,0.7711442786069652
17,model.layers.1.input_layernorm.weight,5.184663772583008,4.489096641540527,0.9554705619812012,5.098665118217468,0.08305411374228354,4.987720489501953,5.2098388671875,5.413425445556641,5.054473876953125e-05,0.648082971572876,0.10945273631840796
18,model.layers.1.post_attention_layernorm.weight,4.837594032287598,4.147824287414551,0.9435868263244629,4.895938038825989,0.08303683310606377,4.759957313537598,4.976875305175781,5.252394676208496,0.0,0.6046992540359497,0.03980099502487562
19,model.layers.2.self_attn.q_proj.weight,7.726974964141846,7.549385070800781,0.9946616291999817,7.324862696463242,0.1020921080487137,6.099546432495117,7.529419898986816,7.426787853240967,0.0,0.9658718705177307,0.42786069651741293
20,model.layers.2.self_attn.k_proj.weight,7.629058837890625,7.377532005310059,0.9939863085746765,7.228070002049208,0.12482611147565116,6.737905502319336,7.447118759155273,7.357353687286377,0.0,0.9536323547363281,0.263681592039801
21,model.layers.2.self_attn.v_proj.weight,7.715969562530518,7.526546955108643,0.9945764541625977,7.322624584659934,0.06069514069788886,7.115717887878418,7.479406356811523,7.430011749267578,0.0,0.9644961953163147,0.36318407960199006
22,model.layers.2.self_attn.o_proj.weight,7.758563995361328,7.605770587921143,0.9948662519454956,7.36447207047604,0.05598788920240948,7.090188026428223,7.536918640136719,7.454925060272217,0.0,0.969820499420166,0.8507462686567164
23,model.layers.2.mlp.gate_proj.weight,7.75886869430542,7.6061110496521,0.9948674440383911,7.361008022488519,0.07309848115084307,6.211848258972168,7.548925399780273,7.450857162475586,0.0,0.9698585867881775,0.8756218905472637
24,model.layers.2.mlp.up_proj.weight,7.758840560913086,7.605805397033691,0.9948663711547852,7.360641486688771,0.07692545564116228,5.944764137268066,7.5791168212890625,7.4506096839904785,0.0,0.9698550701141357,0.8656716417910447
25,model.layers.2.mlp.down_proj.weight,7.760571479797363,7.6092209815979,0.9948785305023193,7.362239835699174,0.07336158263029163,6.324585914611816,7.549346446990967,7.456711769104004,0.0,0.9700714349746704,0.9253731343283582
26,model.layers.2.input_layernorm.weight,5.27956485748291,4.697807312011719,0.9614682197570801,5.235841631889343,0.09032282409227653,5.149530410766602,5.386379718780518,5.519863128662109,0.0,0.6599456071853638,0.14925373134328357
27,model.layers.2.post_attention_layernorm.weight,5.028102874755859,4.361252784729004,0.9513444900512695,4.88585090637207,0.056188534656780524,4.802750587463379,4.939471244812012,5.454325199127197,0.0,0.6285128593444824,0.08955223880597014
28,model.layers.3.self_attn.q_proj.weight,7.730605125427246,7.5543036460876465,0.9946798086166382,7.32029923517257,0.15731813339070808,5.830181121826172,7.539769649505615,7.431922435760498,0.0,0.9663256406784058,0.4626865671641791
29,model.layers.3.self_attn.k_proj.weight,7.70069694519043,7.504051208496094,0.9944912195205688,7.296081050299108,0.11348167863452488,6.597251892089844,7.488453388214111,7.415541648864746,0.0,0.9625871181488037,0.29850746268656714
30,model.layers.3.self_attn.v_proj.weight,7.741631507873535,7.575772762298584,0.9947583675384521,7.347436088137329,0.055556060340203835,7.175666809082031,7.515224456787109,7.449701309204102,0.0,0.9677039384841919,0.582089552238806
31,model.layers.3.self_attn.o_proj.weight,7.765125751495361,7.617486476898193,0.994907796382904,7.3701833977829665,0.056916486960957705,6.943999767303467,7.528285503387451,7.460805892944336,0.0,0.9706407189369202,0.9950248756218906
32,model.layers.3.mlp.gate_proj.weight,7.761409759521484,7.610678672790527,0.99488365650177,7.36360680591315,0.07145765330012241,5.992582321166992,7.5482892990112305,7.453785419464111,0.0,0.9701762199401855,0.9502487562189055
33,model.layers.3.mlp.up_proj.weight,7.758848190307617,7.605954647064209,0.9948669075965881,7.361113769425587,0.07350436442513598,6.2861175537109375,7.553089141845703,7.450728416442871,0.0,0.9698560237884521,0.8706467661691543
34,model.layers.3.mlp.down_proj.weight,7.759186267852783,7.606539726257324,0.9948689937591553,7.360636755443093,0.06958623238132076,6.665286540985107,7.553235054016113,7.4532270431518555,0.0,0.9698982834815979,0.8905472636815921
35,model.layers.3.input_layernorm.weight,5.7110161781311035,5.23798131942749,0.9735021591186523,5.781026124954224,0.09534481013313081,5.671952247619629,5.9270172119140625,6.1180100440979,4.76837158203125e-07,0.7138770222663879,0.19900497512437812
36,model.layers.3.post_attention_layernorm.weight,4.732119083404541,4.070556640625,0.9404830932617188,4.598586082458496,0.03883359205481873,4.556301593780518,4.660737037658691,5.028168678283691,0.0,0.5915148854255676,0.03482587064676617
37,model.layers.4.self_attn.q_proj.weight,7.727784156799316,7.549130439758301,0.9946606755256653,7.320064370636828,0.1441838426853962,6.003981113433838,7.5226335525512695,7.428074836730957,0.0,0.9659730195999146,0.43781094527363185
38,model.layers.4.self_attn.k_proj.weight,7.6994452476501465,7.4977803230285645,0.9944671988487244,7.287563944235444,0.15594576231169294,6.559401988983154,7.5076069831848145,7.4141011238098145,0.0,0.9624306559562683,0.2935323383084577
39,model.layers.4.self_attn.v_proj.weight,7.736662864685059,7.56545877456665,0.9947207570075989,7.343693372793496,0.060934849929364654,7.008014678955078,7.495924949645996,7.440424919128418,0.0,0.9670828580856323,0.5223880597014925
40,model.layers.4.self_attn.o_proj.weight,7.7535600662231445,7.597001552581787,0.9948349595069885,7.358269612421282,0.059510375366996236,6.891314506530762,7.562049865722656,7.4522318840026855,0.0,0.9691950082778931,0.7512437810945274
41,model.layers.4.mlp.gate_proj.weight,7.76271390914917,7.613166332244873,0.9948924779891968,7.365444017785856,0.06389087424589486,6.389486312866211,7.548705577850342,7.455690860748291,0.0,0.9703392386436462,0.9701492537313433
42,model.layers.4.mlp.up_proj.weight,7.759268760681152,7.606839656829834,0.9948700666427612,7.361452572005377,0.06845709929645014,6.250807762145996,7.538725852966309,7.450506210327148,0.0,0.969908595085144,0.8955223880597015
43,model.layers.4.mlp.down_proj.weight,7.760250091552734,7.608354568481445,0.994875431060791,7.362124700734222,0.06836619152904459,6.711859703063965,7.561582565307617,7.454370498657227,0.0,0.9700312614440918,0.9154228855721394
44,model.layers.4.input_layernorm.weight,5.507187366485596,4.939916133880615,0.9674210548400879,5.65065598487854,0.181770258764612,5.392209053039551,5.8453826904296875,6.235095977783203,0.0,0.6883984208106995,0.1890547263681592
45,model.layers.4.post_attention_layernorm.weight,5.006260871887207,4.3915863037109375,0.9523568153381348,4.882049798965454,0.013970845565236562,4.867218971252441,4.904995918273926,5.231047630310059,0.0,0.6257826089859009,0.07960199004975124
46,model.layers.5.self_attn.q_proj.weight,7.734001159667969,7.560884475708008,0.994704008102417,7.325114406761713,0.14536962717529914,5.946050643920898,7.527806282043457,7.435011863708496,0.0,0.9667501449584961,0.48756218905472637
47,model.layers.5.self_attn.k_proj.weight,7.7043585777282715,7.507701873779297,0.9945051670074463,7.297306432388723,0.15148538405473794,6.043347358703613,7.514411926269531,7.421054363250732,0.0,0.9630448222160339,0.31840796019900497
48,model.layers.5.self_attn.v_proj.weight,7.745311737060547,7.581201553344727,0.9947780966758728,7.350885067135096,0.052770115061222284,7.129390716552734,7.512964248657227,7.446254730224609,0.0,0.9681639671325684,0.6417910447761194
49,model.layers.5.self_attn.o_proj.weight,7.763638019561768,7.614841461181641,0.9948984384536743,7.368394872522913,0.05624918842372915,6.895263671875,7.534914016723633,7.460136413574219,0.0,0.970454752445221,0.9800995024875622
50,model.layers.5.mlp.gate_proj.weight,7.7586140632629395,7.605313301086426,0.9948646426200867,7.358797446951609,0.0886790149480721,5.71234130859375,7.548516273498535,7.455115795135498,0.0,0.9698267579078674,0.8557213930348259
51,model.layers.5.mlp.up_proj.weight,7.754647254943848,7.598052024841309,0.9948387145996094,7.354908080263571,0.09099867824243482,5.668623924255371,7.554059982299805,7.44670295715332,0.0,0.969330906867981,0.7661691542288557
52,model.layers.5.mlp.down_proj.weight,7.756667613983154,7.602352619171143,0.9948540925979614,7.357740044255149,0.07658249410126672,6.393890380859375,7.543860912322998,7.450148582458496,0.0,0.9695834517478943,0.8159203980099502
53,model.layers.5.input_layernorm.weight,5.194990158081055,4.667736053466797,0.9606566429138184,5.466519474983215,0.11413237764017072,5.2783074378967285,5.585996627807617,5.650521278381348,0.0,0.6493737697601318,0.11442786069651742
54,model.layers.5.post_attention_layernorm.weight,5.0490946769714355,4.441280364990234,0.9539699554443359,4.9109742641448975,0.0153951253089561,4.897004127502441,4.937038898468018,5.167173385620117,0.0,0.6311368346214294,0.09950248756218906
55,model.layers.6.self_attn.q_proj.weight,7.724241256713867,7.543423175811768,0.99463951587677,7.321524895960465,0.11343982616810284,6.200754165649414,7.52138614654541,7.428840637207031,0.0,0.9655301570892334,0.40298507462686567
56,model.layers.6.self_attn.k_proj.weight,7.710209369659424,7.519345283508301,0.9945493340492249,7.303441455587745,0.13177367003752607,6.367201805114746,7.517000198364258,7.419048309326172,0.0,0.963776171207428,0.34328358208955223
57,model.layers.6.self_attn.v_proj.weight,7.72698974609375,7.547051906585693,0.9946529865264893,7.3328309757635,0.0599895990794801,7.142338752746582,7.5225911140441895,7.4344587326049805,0.0,0.9658737182617188,0.43283582089552236
58,model.layers.6.self_attn.o_proj.weight,7.755682468414307,7.600889205932617,0.9948488473892212,7.359705270151608,0.05942487742563383,6.662936210632324,7.5534563064575195,7.454504013061523,0.0,0.9694603085517883,0.8009950248756219
59,model.layers.6.mlp.gate_proj.weight,7.756982326507568,7.602507591247559,0.9948546290397644,7.358166900844398,0.07927533790628358,6.004777431488037,7.54319953918457,7.449913024902344,0.0,0.969622790813446,0.8308457711442786
60,model.layers.6.mlp.up_proj.weight,7.7510271072387695,7.592245578765869,0.9948179125785828,7.352762810039249,0.07720783590168241,6.349215984344482,7.557979106903076,7.444033145904541,0.0,0.9688783884048462,0.7014925373134329
61,model.layers.6.mlp.down_proj.weight,7.747104644775391,7.584972858428955,0.9947916865348816,7.344030597331849,0.10937421711793449,6.141719341278076,7.554160118103027,7.441280364990234,0.0,0.9683880805969238,0.6567164179104478
62,model.layers.6.input_layernorm.weight,5.848841667175293,5.32547664642334,0.9750614166259766,5.894880175590515,0.22078881063761505,5.609947681427002,6.212503910064697,6.365072727203369,0.0,0.7311052083969116,0.21393034825870647
63,model.layers.6.post_attention_layernorm.weight,5.251900672912598,4.658151149749756,0.9603943824768066,5.105772256851196,0.04371943764943268,5.063645839691162,5.174423694610596,5.306077003479004,0.0,0.6564875841140747,0.13432835820895522
64,model.layers.7.self_attn.q_proj.weight,7.737771034240723,7.568735122680664,0.9947327375411987,7.339007008704357,0.08727844799071925,6.148231029510498,7.556800842285156,7.44024658203125,0.0,0.9672213792800903,0.5422885572139303
65,model.layers.7.self_attn.k_proj.weight,7.729275226593018,7.554448127746582,0.9946803450584412,7.331174566410482,0.0798645993392847,6.898512840270996,7.4904255867004395,7.4474053382873535,0.0,0.9661594033241272,0.4527363184079602
66,model.layers.7.self_attn.v_proj.weight,7.726187705993652,7.543866157531738,0.9946411848068237,7.330819676630199,0.06216929923591659,7.070786476135254,7.481875419616699,7.436129570007324,0.0,0.9657734632492065,0.4228855721393035
67,model.layers.7.self_attn.o_proj.weight,7.7609734535217285,7.610348701477051,0.9948825240135193,7.365608699386939,0.057171868201651904,6.971453666687012,7.571272850036621,7.457054615020752,0.0,0.9701216816902161,0.9402985074626866
68,model.layers.7.mlp.gate_proj.weight,7.7508368492126465,7.590770721435547,0.9948126077651978,7.345549084584821,0.13080822103980777,5.5204668045043945,7.53607702255249,7.444634914398193,0.0,0.9688546061515808,0.6915422885572139
69,model.layers.7.mlp.up_proj.weight,7.746079444885254,7.581973552703857,0.9947808384895325,7.340843045195057,0.13941651533633198,5.033202171325684,7.537786483764648,7.444706916809082,0.0,0.9682599306106567,0.6517412935323383
70,model.layers.7.mlp.down_proj.weight,7.742191314697266,7.574885845184326,0.9947551488876343,7.335227284538136,0.14248598401971754,5.0473222732543945,7.528984069824219,7.435403347015381,0.0,0.9677739143371582,0.5970149253731343
71,model.layers.7.input_layernorm.weight,5.398897171020508,4.897408962249756,0.9664468765258789,5.531036972999573,0.1542075670265662,5.282468795776367,5.687993049621582,5.898931503295898,0.0,0.6748621463775635,0.15920398009950248
72,model.layers.7.post_attention_layernorm.weight,5.399493217468262,4.816829681396484,0.9645195007324219,5.320884466171265,0.06426520184055803,5.223842144012451,5.383094310760498,5.699209690093994,0.0,0.6749366521835327,0.16417910447761194
73,model.layers.8.self_attn.q_proj.weight,7.708746910095215,7.511020660400391,0.9945177435874939,7.297272539231926,0.1598148398919157,6.266759395599365,7.519855976104736,7.418390274047852,0.0,0.9635933637619019,0.3333333333333333
74,model.layers.8.self_attn.k_proj.weight,7.700758934020996,7.500211238861084,0.9944765567779541,7.284804975613952,0.18695832825103026,6.259919166564941,7.4988508224487305,7.417637348175049,0.0,0.9625948667526245,0.3034825870646766
75,model.layers.8.self_attn.v_proj.weight,7.735437393188477,7.562900066375732,0.9947113990783691,7.339669845998287,0.06088574840177777,6.905578136444092,7.48114013671875,7.455929279327393,0.0,0.9669296741485596,0.5024875621890548
76,model.layers.8.self_attn.o_proj.weight,7.747135162353516,7.585808753967285,0.9947947263717651,7.3498842131812125,0.06359403025143787,6.695071697235107,7.524996757507324,7.4413886070251465,0.0,0.9683918952941895,0.6616915422885572
77,model.layers.8.mlp.gate_proj.weight,7.75650691986084,7.601716995239258,0.99485182762146,7.3570635963485325,0.08275438601838289,5.4065399169921875,7.567838668823242,7.450156211853027,0.0,0.969563364982605,0.8109452736318408
78,model.layers.8.mlp.up_proj.weight,7.754009246826172,7.5969157218933105,0.9948346614837646,7.355683256491003,0.08030435158110365,5.427947998046875,7.566617965698242,7.447960376739502,0.0,0.9692511558532715,0.7611940298507462
79,model.layers.8.mlp.down_proj.weight,7.752774715423584,7.595293998718262,0.9948288202285767,7.352907330432737,0.08473272714784018,6.296939849853516,7.546814918518066,7.447328090667725,0.0,0.969096839427948,0.7263681592039801
80,model.layers.8.input_layernorm.weight,4.9439239501953125,4.332722187042236,0.9503726959228516,5.001283645629883,0.17578026561612253,4.766570568084717,5.260886192321777,5.305552005767822,0.0009765625,0.6179904937744141,0.06467661691542288
81,model.layers.8.post_attention_layernorm.weight,5.118344306945801,4.481777191162109,0.9552440643310547,4.973244309425354,0.0602981077210081,4.93524694442749,5.077600955963135,5.9422807693481445,0.0,0.6397930383682251,0.1044776119402985
82,model.layers.9.self_attn.q_proj.weight,7.742021560668945,7.575430393218994,0.9947571158409119,7.342267724568956,0.07968137750935966,6.658416748046875,7.52005672454834,7.445949554443359,0.0,0.9677526950836182,0.5870646766169154
83,model.layers.9.self_attn.k_proj.weight,7.738709449768066,7.57169771194458,0.9947435855865479,7.340385677292943,0.0708484094363889,6.922030925750732,7.488675594329834,7.450019836425781,0.0,0.9673386812210083,0.5472636815920398
84,model.layers.9.self_attn.v_proj.weight,7.7239603996276855,7.543426990509033,0.99463951587677,7.328557009808719,0.059265106391925025,7.1022047996521,7.5017595291137695,7.438721656799316,0.0,0.9654950499534607,0.39800995024875624
85,model.layers.9.self_attn.o_proj.weight,7.763963222503662,7.615472316741943,0.994900643825531,7.367629159707576,0.05502904055036431,6.842083930969238,7.536067008972168,7.454861640930176,0.0,0.9704954028129578,0.9900497512437811
86,model.layers.9.mlp.gate_proj.weight,7.756433486938477,7.601722717285156,0.99485182762146,7.357607907869599,0.07795082816675308,5.9399871826171875,7.565248966217041,7.450066089630127,0.0,0.9695541858673096,0.8059701492537313
87,model.layers.9.mlp.up_proj.weight,7.751008033752441,7.59174919128418,0.9948161244392395,7.352474153930829,0.08200208707209716,5.625943183898926,7.541842460632324,7.444523811340332,0.0,0.9688760042190552,0.6965174129353234
88,model.layers.9.mlp.down_proj.weight,7.747915744781494,7.586216449737549,0.9947962164878845,7.34619804916226,0.09683674313651552,6.382432460784912,7.552730560302734,7.442150592803955,0.0,0.9684894680976868,0.6766169154228856
89,model.layers.9.input_layernorm.weight,5.272563934326172,4.773531436920166,0.9634385108947754,5.342312335968018,0.12555822545332201,5.159398078918457,5.509395599365234,5.676790237426758,0.0,0.6590704917907715,0.13930348258706468
90,model.layers.9.post_attention_layernorm.weight,5.031889915466309,4.469608783721924,0.9548649787902832,4.9251179695129395,0.06700746312380282,4.838510513305664,5.021726608276367,5.820980072021484,0.0,0.6289862394332886,0.0945273631840796
91,model.layers.10.self_attn.q_proj.weight,7.738738059997559,7.570021152496338,0.994737446308136,7.339440576848574,0.08430547850520055,6.7061591148376465,7.540935516357422,7.439264297485352,0.0,0.9673422574996948,0.5522388059701493
92,model.layers.10.self_attn.k_proj.weight,7.734309196472168,7.56460428237915,0.9947176575660706,7.336251207627356,0.07273039013306305,7.077524662017822,7.530817985534668,7.438255310058594,0.0,0.966788649559021,0.4975124378109453
93,model.layers.10.self_attn.v_proj.weight,7.730052471160889,7.55379056930542,0.9946779012680054,7.336896128952503,0.05546773183785455,7.088238716125488,7.508481979370117,7.431782245635986,0.0,0.9662565588951111,0.4577114427860697
94,model.layers.10.self_attn.o_proj.weight,7.767173767089844,7.620954513549805,0.994920015335083,7.37180620408617,0.054284590178293,6.852826118469238,7.5386810302734375,7.465245723724365,0.0,0.9708967208862305,1.0
95,model.layers.10.mlp.gate_proj.weight,7.7567644119262695,7.602351665496826,0.9948540925979614,7.357616955118084,0.07983392430454922,6.104855537414551,7.564013957977295,7.451155185699463,0.0,0.9695955514907837,0.8208955223880597
96,model.layers.10.mlp.up_proj.weight,7.753227233886719,7.596060752868652,0.9948315620422363,7.3556708937341515,0.07054531933932877,6.1685686111450195,7.548583984375,7.446399688720703,0.0,0.9691534042358398,0.7412935323383084
97,model.layers.10.mlp.down_proj.weight,7.7521796226501465,7.594322204589844,0.9948253631591797,7.353466562080112,0.07967983632133548,6.365723609924316,7.542813301086426,7.448949337005615,0.0,0.9690224528312683,0.7164179104477612
98,model.layers.10.input_layernorm.weight,5.227010250091553,4.734604835510254,0.9624385833740234,5.41483199596405,0.1062343257018625,5.258039474487305,5.553006172180176,5.664690971374512,0.0,0.6533762812614441,0.11940298507462686
99,model.layers.10.post_attention_layernorm.weight,5.336436748504639,4.797187328338623,0.9640331268310547,5.2042540311813354,0.0795229021885223,5.114489555358887,5.332627296447754,6.004644393920898,0.0,0.6670545935630798,0.15422885572139303
100,model.layers.11.self_attn.q_proj.weight,7.723176002502441,7.542266845703125,0.9946352243423462,7.323310759966262,0.09774095698927693,6.429637432098389,7.513069152832031,7.422240257263184,0.0,0.9653970003128052,0.38308457711442784
101,model.layers.11.self_attn.k_proj.weight,7.7367024421691895,7.567584037780762,0.9947285652160645,7.339021638967097,0.06990926284656755,6.853121757507324,7.492888450622559,7.444988250732422,0.0,0.9670878052711487,0.527363184079602
102,model.layers.11.self_attn.v_proj.weight,7.713328838348389,7.52390718460083,0.9945665001869202,7.322868928313255,0.057619581092634195,7.119655609130859,7.460904121398926,7.430325508117676,0.0,0.9641661047935486,0.35323383084577115
103,model.layers.11.self_attn.o_proj.weight,7.760009288787842,7.608520984649658,0.9948760271072388,7.363824019441381,0.055864431102923086,6.97228479385376,7.547759056091309,7.4513702392578125,0.0,0.9700011610984802,0.9054726368159204
104,model.layers.11.mlp.gate_proj.weight,7.755087852478027,7.599791526794434,0.994844913482666,7.35750680141659,0.0733117344894466,6.12891960144043,7.542876243591309,7.449220657348633,0.0,0.9693859815597534,0.7910447761194029
105,model.layers.11.mlp.up_proj.weight,7.752585411071777,7.595232009887695,0.9948285818099976,7.355252249335701,0.07033388990980932,6.437234401702881,7.546093940734863,7.4459004402160645,0.0,0.9690731763839722,0.7213930348258707
106,model.layers.11.mlp.down_proj.weight,7.751170635223389,7.592381000518799,0.994818389415741,7.351868327453055,0.08039681044852161,5.905086517333984,7.568205833435059,7.447829246520996,0.0,0.9688963294029236,0.7114427860696517
107,model.layers.11.input_layernorm.weight,5.785253047943115,5.382561206817627,0.9760289192199707,5.7212241888046265,0.10285580762571918,5.585872650146484,5.870616436004639,5.953666687011719,0.0,0.7231566309928894,0.208955223880597
108,model.layers.11.post_attention_layernorm.weight,5.431507110595703,4.959089756011963,0.9678511619567871,5.31670606136322,0.07259363525437923,5.257896423339844,5.438016891479492,6.044191360473633,0.003966331481933594,0.6789383888244629,0.17412935323383086
109,model.layers.12.self_attn.q_proj.weight,7.742409706115723,7.577052593231201,0.9947630167007446,7.34482908656355,0.07407739525174124,6.683956146240234,7.537288188934326,7.441976547241211,0.0,0.9678012132644653,0.6019900497512438
110,model.layers.12.self_attn.k_proj.weight,7.735775470733643,7.565571308135986,0.9947211742401123,7.337623182684183,0.07609224204684252,6.952766418457031,7.490993022918701,7.446298122406006,0.0,0.9669719338417053,0.5074626865671642
111,model.layers.12.self_attn.v_proj.weight,7.721061706542969,7.535953521728516,0.9946116805076599,7.327969414182007,0.059582061704881416,7.100881099700928,7.493594169616699,7.425581932067871,0.0,0.9651327133178711,0.373134328358209
112,model.layers.12.self_attn.o_proj.weight,7.763763427734375,7.615319728851318,0.994900107383728,7.368878846406005,0.05546747889976641,6.986776351928711,7.573673248291016,7.46354866027832,0.0,0.9704704284667969,0.9850746268656716
113,model.layers.12.mlp.gate_proj.weight,7.747227191925049,7.585421085357666,0.9947932958602905,7.346883887679062,0.08978051429848721,5.88321590423584,7.5562520027160645,7.442900657653809,0.0,0.9684033989906311,0.6666666666666666
114,model.layers.12.mlp.up_proj.weight,7.744187831878662,7.579833984375,0.9947730898857117,7.344799596985633,0.08430471221802692,6.085295677185059,7.541502952575684,7.44203519821167,0.0,0.9680234789848328,0.6268656716417911
115,model.layers.12.mlp.down_proj.weight,7.7404327392578125,7.573366641998291,0.9947496056556702,7.337796615098011,0.1049464453096858,6.233999729156494,7.538012504577637,7.435616493225098,0.0,0.9675540924072266,0.5572139303482587
116,model.layers.12.input_layernorm.weight,5.77949333190918,5.316758632659912,0.9749102592468262,5.718984127044678,0.029731243376066332,5.691798686981201,5.767292022705078,5.925012588500977,0.0,0.7224366664886475,0.20398009950248755
117,model.layers.12.post_attention_layernorm.weight,5.27689266204834,4.858611106872559,0.9655323028564453,5.164073348045349,0.07318808534402246,5.085219860076904,5.262730598449707,5.745676517486572,0.0,0.6596115827560425,0.14427860696517414
118,model.layers.13.self_attn.q_proj.weight,7.741081714630127,7.574857711791992,0.9947550296783447,7.344031786429696,0.07084871742851809,6.773277282714844,7.5373454093933105,7.440280914306641,0.0,0.9676352143287659,0.5671641791044776
119,model.layers.13.self_attn.k_proj.weight,7.742868423461914,7.577696800231934,0.9947653412818909,7.347302724607289,0.0676728608499135,6.931668281555176,7.509176731109619,7.443011283874512,0.0,0.9678585529327393,0.6069651741293532
120,model.layers.13.self_attn.v_proj.weight,7.732974052429199,7.558169841766357,0.9946940541267395,7.336649104952812,0.06190015576007307,7.128987789154053,7.548755645751953,7.440448760986328,0.0,0.9666217565536499,0.47761194029850745
121,model.layers.13.self_attn.o_proj.weight,7.762382507324219,7.612978935241699,0.9948918223381042,7.366119681391865,0.05501071991886241,6.893665313720703,7.5177459716796875,7.458185195922852,0.0,0.9702978134155273,0.9601990049751243
122,model.layers.13.mlp.gate_proj.weight,7.745716094970703,7.582755088806152,0.9947836995124817,7.345841115171259,0.09464401067485612,5.989298343658447,7.54033088684082,7.441812515258789,0.0,0.9682145118713379,0.6467661691542289
123,model.layers.13.mlp.up_proj.weight,7.743751525878906,7.579089641571045,0.9947704076766968,7.344199326270345,0.09129794673841511,5.10697078704834,7.547702789306641,7.437779903411865,0.0,0.9679689407348633,0.6218905472636815
124,model.layers.13.mlp.down_proj.weight,7.741115093231201,7.574561595916748,0.9947539567947388,7.338968458458442,0.1021892528689885,6.042696475982666,7.550072193145752,7.436509132385254,0.0,0.9676393866539001,0.572139303482587
125,model.layers.13.input_layernorm.weight,5.954665184020996,5.541753768920898,0.9785332679748535,5.919519662857056,0.05340955327562798,5.877303123474121,6.008081436157227,6.070301055908203,0.0059452056884765625,0.7443331480026245,0.23383084577114427
126,model.layers.13.post_attention_layernorm.weight,5.247398376464844,4.839774131774902,0.9650793075561523,5.154736161231995,0.050505814579837785,5.084756851196289,5.22299861907959,5.94778299331665,0.0,0.6559247970581055,0.12935323383084577
127,model.layers.14.self_attn.q_proj.weight,7.736745834350586,7.56702995300293,0.9947265386581421,7.338097108411603,0.07495631732992439,6.666864395141602,7.513182640075684,7.433237075805664,0.0,0.9670932292938232,0.5323383084577115
128,model.layers.14.self_attn.k_proj.weight,7.728961944580078,7.5551676750183105,0.9946829676628113,7.33154078759253,0.0762638372180186,6.98196268081665,7.480268478393555,7.437532424926758,0.0,0.9661202430725098,0.44776119402985076
129,model.layers.14.self_attn.v_proj.weight,7.712061882019043,7.521233558654785,0.9945564270019531,7.314210028387606,0.09571887011030689,6.835092544555664,7.482059478759766,7.42707633972168,0.0,0.9640077352523804,0.3482587064676617
130,model.layers.14.self_attn.o_proj.weight,7.755065441131592,7.599520683288574,0.9948439598083496,7.358703845879063,0.05805619850566559,6.972702980041504,7.543954849243164,7.4516472816467285,0.0,0.969383180141449,0.7860696517412935
131,model.layers.14.mlp.gate_proj.weight,7.740912914276123,7.574378967285156,0.9947533011436462,7.339676915837282,0.09599552412401947,6.081786155700684,7.553447723388672,7.436428546905518,0.0,0.9676141142845154,0.5621890547263682
132,model.layers.14.mlp.up_proj.weight,7.741522789001465,7.574615001678467,0.9947541952133179,7.341487467288971,0.09019367391311597,6.296730041503906,7.548874855041504,7.439305305480957,0.0,0.9676903486251831,0.5771144278606966
133,model.layers.14.mlp.down_proj.weight,7.736623287200928,7.566524982452393,0.994724690914154,7.334286476993426,0.10897229469103534,5.6050310134887695,7.535536766052246,7.430185317993164,0.0,0.967077910900116,0.5174129353233831
134,model.layers.14.input_layernorm.weight,5.873551845550537,5.488586902618408,0.9777274131774902,5.970317482948303,0.15799798758012376,5.767526626586914,6.201226234436035,5.99860954284668,0.0,0.7341939806938171,0.22388059701492538
135,model.layers.14.post_attention_layernorm.weight,5.24031400680542,4.821879863739014,0.9646434783935547,5.140499711036682,0.05517101567404378,5.050005912780762,5.197875022888184,5.880911827087402,0.08063268661499023,0.6550392508506775,0.12437810945273632
136,model.layers.15.self_attn.q_proj.weight,7.723653793334961,7.542787075042725,0.994637131690979,7.324668504763395,0.08539458150120198,6.692704200744629,7.53875732421875,7.425444602966309,0.0,0.9654567241668701,0.3880597014925373
137,model.layers.15.self_attn.k_proj.weight,7.724575042724609,7.546439170837402,0.9946507215499878,7.326141393743455,0.08625172649637446,6.806583404541016,7.508445739746094,7.431768417358398,0.0,0.9655718803405762,0.4079601990049751
138,model.layers.15.self_attn.v_proj.weight,7.634202480316162,7.374515056610107,0.9939737319946289,7.213487294502556,0.22046350971536902,6.32789421081543,7.482550621032715,7.356340408325195,0.0,0.9542753100395203,0.26865671641791045
139,model.layers.15.self_attn.o_proj.weight,7.761621475219727,7.6113739013671875,0.9948861598968506,7.357837870833464,0.0639012344212715,6.772886753082275,7.537206649780273,7.4598259925842285,0.0,0.9702026844024658,0.9552238805970149
140,model.layers.15.mlp.gate_proj.weight,7.744255065917969,7.580508232116699,0.9947755336761475,7.344730146356266,0.08193326454992361,6.180606365203857,7.547886371612549,7.439315319061279,0.0,0.9680318832397461,0.6318407960199005
141,model.layers.15.mlp.up_proj.weight,7.745096683502197,7.581656455993652,0.9947797060012817,7.347120166459883,0.07515782662308305,6.409319877624512,7.552618026733398,7.442943572998047,0.0,0.9681370854377747,0.6368159203980099
142,model.layers.15.mlp.down_proj.weight,7.742920875549316,7.577723503112793,0.9947654604911804,7.341641854960471,0.10262716420094166,5.996860027313232,7.543551445007324,7.438106536865234,0.0,0.9678651094436646,0.6119402985074627
143,model.layers.15.input_layernorm.weight,5.871529579162598,5.487660884857178,0.9777131080627441,6.010790109634399,0.23384474797070673,5.742256164550781,6.386153221130371,6.364837646484375,0.0,0.7339411973953247,0.21890547263681592
144,model.layers.15.post_attention_layernorm.weight,4.937010765075684,4.516735076904297,0.9563155174255371,4.841840624809265,0.06943313290482511,4.735489845275879,4.924966812133789,5.357967853546143,0.0,0.6171263456344604,0.05970149253731343
145,model.layers.16.self_attn.q_proj.weight,7.725732326507568,7.545851707458496,0.9946485161781311,7.322836012579501,0.11342584357396673,6.013249397277832,7.549750804901123,7.423081398010254,0.0,0.965716540813446,0.417910447761194
146,model.layers.16.self_attn.k_proj.weight,7.73415994644165,7.565166473388672,0.9947196841239929,7.335703368298709,0.07526655796410293,6.950499534606934,7.504369258880615,7.44680118560791,0.0,0.9667699933052063,0.4925373134328358
147,model.layers.16.self_attn.v_proj.weight,7.7227582931518555,7.543733596801758,0.9946407079696655,7.329637525603175,0.06263632913819701,7.1006340980529785,7.468563079833984,7.4287824630737305,0.0,0.9653447866439819,0.3781094527363184
148,model.layers.16.self_attn.o_proj.weight,7.759137153625488,7.606858730316162,0.994870126247406,7.361781750107184,0.057839865387731296,6.861664295196533,7.5400543212890625,7.45111608505249,0.0,0.969892144203186,0.8855721393034826
149,model.layers.16.mlp.gate_proj.weight,7.750740051269531,7.591955661773682,0.9948168396949768,7.351681341332468,0.08006245484756741,6.312485694885254,7.560548305511475,7.445999622344971,0.0,0.9688425064086914,0.6865671641791045
150,model.layers.16.mlp.up_proj.weight,7.750648498535156,7.591599941253662,0.9948155879974365,7.3528451047075745,0.07356653846610992,6.204087734222412,7.556328773498535,7.448178291320801,0.0,0.9688310623168945,0.681592039800995
151,model.layers.16.mlp.down_proj.weight,7.742059230804443,7.5762224197387695,0.9947600364685059,7.3389641168019315,0.11763460942253103,5.751217842102051,7.558974266052246,7.440525054931641,0.0,0.9677574038505554,0.5920398009950248
152,model.layers.16.input_layernorm.weight,5.4505486488342285,5.03696870803833,0.9695405960083008,5.476659417152405,0.1613253913199525,5.328963279724121,5.749448776245117,5.720556259155273,0.0,0.6813185811042786,0.18407960199004975
153,model.layers.16.post_attention_layernorm.weight,4.867422580718994,4.4437785148620605,0.9540495872497559,4.784055113792419,0.05164019798337746,4.70890474319458,4.854831695556641,5.152469158172607,0.0476531982421875,0.6084278225898743,0.04477611940298507
154,model.layers.17.self_attn.q_proj.weight,7.733109474182129,7.5601701736450195,0.9947013854980469,7.334246084326878,0.07595654224879665,6.6048054695129395,7.512111663818359,7.433185577392578,0.0,0.9666386842727661,0.48258706467661694
155,model.layers.17.self_attn.k_proj.weight,7.723784446716309,7.542568683624268,0.9946363568305969,7.319206956773996,0.10982222206489232,6.60463809967041,7.516453742980957,7.424595832824707,0.0,0.9654730558395386,0.39303482587064675
156,model.layers.17.self_attn.v_proj.weight,7.7082037925720215,7.515045642852783,0.9945330619812012,7.308044243603945,0.08754838457336865,6.997474670410156,7.494831085205078,7.415045738220215,0.0,0.9635254740715027,0.3283582089552239
157,model.layers.17.self_attn.o_proj.weight,7.760832786560059,7.609985828399658,0.9948812127113342,7.365120512084104,0.054779786737086895,7.052546501159668,7.533004283905029,7.4508843421936035,0.0,0.9701040983200073,0.9353233830845771
158,model.layers.17.mlp.gate_proj.weight,7.757134914398193,7.6031365394592285,0.9948568940162659,7.358225140974603,0.08161256498159608,6.375879287719727,7.532727241516113,7.450804710388184,0.0,0.9696418642997742,0.835820895522388
159,model.layers.17.mlp.up_proj.weight,7.755058288574219,7.59910249710083,0.9948424696922302,7.356585672760213,0.07935525353273508,6.238328456878662,7.547821998596191,7.448616027832031,0.0,0.9693822860717773,0.7810945273631841
160,model.layers.17.mlp.down_proj.weight,7.751056671142578,7.592005252838135,0.9948170185089111,7.350283161102032,0.09913449687243146,5.479615211486816,7.544686317443848,7.448554515838623,0.0,0.9688820838928223,0.7064676616915423
161,model.layers.17.input_layernorm.weight,5.4409308433532715,4.969483852386475,0.9680819511413574,5.458268165588379,0.09115373597818612,5.321706771850586,5.566703796386719,5.662888050079346,0.005498409271240234,0.6801163554191589,0.1791044776119403
162,model.layers.17.post_attention_layernorm.weight,4.969478607177734,4.533556938171387,0.9568219184875488,4.873522520065308,0.006617183362865086,4.867185115814209,4.883333683013916,5.209413528442383,0.0,0.6211848258972168,0.06965174129353234
163,model.layers.18.self_attn.q_proj.weight,7.730894565582275,7.556819915771484,0.9946890473365784,7.333731292630546,0.0761069619434661,6.728480339050293,7.529733657836914,7.43255615234375,0.0,0.9663618206977844,0.46766169154228854
164,model.layers.18.self_attn.k_proj.weight,7.714812278747559,7.525402545928955,0.9945721626281738,7.308725154027343,0.11898432370385272,6.62320613861084,7.507998466491699,7.43019437789917,0.0,0.9643515348434448,0.3582089552238806
165,model.layers.18.self_attn.v_proj.weight,7.62740421295166,7.362855911254883,0.9939247965812683,7.204896568320692,0.2225267017502263,6.311319351196289,7.466567039489746,7.351983070373535,0.0,0.9534255266189575,0.25870646766169153
166,model.layers.18.self_attn.o_proj.weight,7.760239601135254,7.609138011932373,0.9948782324790955,7.3638851516880095,0.05853644104023499,6.597963333129883,7.524515628814697,7.457692623138428,0.0,0.9700299501419067,0.9104477611940298
167,model.layers.18.mlp.gate_proj.weight,7.760408401489258,7.608843803405762,0.9948771595954895,7.362895559307865,0.07132974481941647,6.060400485992432,7.548679351806641,7.453730583190918,0.0,0.9700510501861572,0.9203980099502488
168,model.layers.18.mlp.up_proj.weight,7.758679389953613,7.60626745223999,0.9948680400848389,7.361568526661193,0.06872640549485606,6.396771430969238,7.534441947937012,7.45146369934082,0.0,0.9698349237442017,0.8606965174129353
169,model.layers.18.mlp.down_proj.weight,7.756831169128418,7.602877616882324,0.9948559403419495,7.359177509619093,0.06799323647112397,6.128017425537109,7.560625076293945,7.4494194984436035,0.0,0.9696038961410522,0.8258706467661692
170,model.layers.18.input_layernorm.weight,5.538660526275635,5.054853439331055,0.9699158668518066,5.550435185432434,0.12622489957331387,5.422674179077148,5.760139465332031,5.800352096557617,0.0,0.6923325657844543,0.19402985074626866
171,model.layers.18.post_attention_layernorm.weight,4.8903679847717285,4.419888496398926,0.953282356262207,4.781029939651489,0.04016433899956001,4.734976291656494,4.844570636749268,4.982943058013916,0.0,0.6112959980964661,0.04975124378109453
172,model.layers.19.self_attn.q_proj.weight,7.728573799133301,7.552724361419678,0.9946739673614502,7.3287258291384205,0.08623687317404105,6.6134796142578125,7.532191276550293,7.430616855621338,0.0,0.9660717248916626,0.4427860696517413
173,model.layers.19.self_attn.k_proj.weight,7.703923225402832,7.508284091949463,0.994507372379303,7.29849380813539,0.13170010476911093,6.551975727081299,7.492058753967285,7.422820568084717,0.0,0.962990403175354,0.31343283582089554
174,model.layers.19.self_attn.v_proj.weight,7.7022881507873535,7.502612113952637,0.9944857358932495,7.302676623687148,0.09383720281322194,6.979736804962158,7.465854644775391,7.41378116607666,0.0,0.9627860188484192,0.30845771144278605
175,model.layers.19.self_attn.o_proj.weight,7.755372524261475,7.599573612213135,0.9948441386222839,7.360572841367684,0.05577640033637862,6.911470413208008,7.528417587280273,7.456686019897461,0.0,0.9694215655326843,0.7960199004975125
176,model.layers.19.mlp.gate_proj.weight,7.760992050170898,7.610166072845459,0.9948818683624268,7.3635086269033225,0.06512435128457528,6.397209644317627,7.574902057647705,7.4536519050598145,0.0,0.9701240062713623,0.945273631840796
177,model.layers.19.mlp.up_proj.weight,7.75947380065918,7.607402801513672,0.9948720335960388,7.362226351926273,0.06932729776729472,6.234361171722412,7.588385105133057,7.455018043518066,0.0,0.9699342250823975,0.900497512437811
178,model.layers.19.mlp.down_proj.weight,7.758213043212891,7.605325698852539,0.9948646426200867,7.3610003013163805,0.06257062040336298,6.415999412536621,7.5367279052734375,7.451850414276123,0.0,0.9697766304016113,0.8407960199004975
179,model.layers.19.input_layernorm.weight,5.401550769805908,4.881930828094482,0.9660849571228027,5.403029084205627,0.07502781567583182,5.279785633087158,5.464483737945557,5.639547348022461,0.0,0.6751938462257385,0.1691542288557214
180,model.layers.19.post_attention_layernorm.weight,4.140915393829346,3.4804866313934326,0.9104080200195312,4.042914092540741,0.03828648596779252,3.995176076889038,4.083217144012451,4.647623062133789,0.0,0.5176144242286682,0.01990049751243781
181,model.layers.20.self_attn.q_proj.weight,7.725111484527588,7.545154571533203,0.9946459531784058,7.322739395080134,0.1053482057129795,6.488588809967041,7.542359352111816,7.429039001464844,0.0,0.9656389355659485,0.4129353233830846
182,model.layers.20.self_attn.k_proj.weight,7.692269325256348,7.486563205718994,0.994424045085907,7.28294129204005,0.1417654629073594,6.506951332092285,7.508275032043457,7.410272598266602,0.0,0.9615336656570435,0.2885572139303483
183,model.layers.20.self_attn.v_proj.weight,7.743203163146973,7.577524185180664,0.9947647452354431,7.3486841497942805,0.05824803928596852,7.1707868576049805,7.484315395355225,7.443288803100586,0.0,0.9679003953933716,0.6169154228855721
184,model.layers.20.self_attn.o_proj.weight,7.763312339782715,7.614311218261719,0.9948965311050415,7.368257401976734,0.05361232333084007,7.005368232727051,7.537161350250244,7.457265377044678,0.0,0.9704140424728394,0.9751243781094527
185,model.layers.20.mlp.gate_proj.weight,7.76072883605957,7.60939359664917,0.9948791265487671,7.362835588568652,0.07419560854323434,5.4298481941223145,7.560638427734375,7.453850746154785,0.0,0.9700911045074463,0.9303482587064676
186,model.layers.20.mlp.up_proj.weight,7.7589874267578125,7.606502532958984,0.9948688745498657,7.361145276787945,0.07232612040713998,5.972539901733398,7.559609413146973,7.451835632324219,0.0,0.9698734283447266,0.8805970149253731
187,model.layers.20.mlp.down_proj.weight,7.754905700683594,7.599543571472168,0.9948440194129944,7.358178987167776,0.06574547330193252,6.433623790740967,7.567208290100098,7.448668003082275,0.0,0.9693632125854492,0.7761194029850746
188,model.layers.20.input_layernorm.weight,4.991438865661621,4.431613445281982,0.9536604881286621,5.050804138183594,0.06745422975365595,4.939847946166992,5.112338066101074,5.230133533477783,0.0,0.6239298582077026,0.07462686567164178
189,model.layers.20.post_attention_layernorm.weight,3.6641716957092285,3.1402225494384766,0.8865776062011719,3.5906553268432617,0.027750199156268574,3.5554933547973633,3.628899574279785,4.417137622833252,0.0,0.45802146196365356,0.014925373134328358
190,model.layers.21.self_attn.q_proj.weight,7.7184834480285645,7.532288074493408,0.9945979714393616,7.317322974908166,0.0941600310342632,6.820746421813965,7.521985054016113,7.42169189453125,0.0,0.9648104310035706,0.3681592039800995
191,model.layers.21.self_attn.k_proj.weight,7.709254741668701,7.517123699188232,0.9945409297943115,7.302195576950908,0.13015876110705837,6.387831687927246,7.52219295501709,7.422569751739502,0.0,0.9636568427085876,0.3383084577114428
192,model.layers.21.self_attn.v_proj.weight,7.732534885406494,7.558324337005615,0.9946945905685425,7.338497318327427,0.05924795258436255,7.149927139282227,7.48796272277832,7.437403678894043,0.0,0.9665668606758118,0.472636815920398
193,model.layers.21.self_attn.o_proj.weight,7.762516975402832,7.612302303314209,0.9948894381523132,7.366550835315138,0.0572376603845352,6.449902534484863,7.537320137023926,7.459362983703613,0.0,0.970314621925354,0.9651741293532339
194,model.layers.21.mlp.gate_proj.weight,7.752955913543701,7.595778465270996,0.9948305487632751,7.355036368127912,0.07138074116993262,6.535032272338867,7.555951118469238,7.447029113769531,0.0,0.9691194891929626,0.7313432835820896
195,model.layers.21.mlp.up_proj.weight,7.7583842277526855,7.605295658111572,0.9948645830154419,7.359967640093104,0.06933382555028715,6.502463340759277,7.561619281768799,7.454853057861328,0.0,0.9697980284690857,0.845771144278607
196,model.layers.21.mlp.down_proj.weight,7.7080078125,7.517251491546631,0.9945414066314697,7.311007828536359,0.09400188018521609,5.588497161865234,7.519779682159424,7.413327217102051,0.0,0.9635009765625,0.32338308457711445
197,model.layers.21.input_layernorm.weight,5.010107040405273,4.456303596496582,0.9544467926025391,5.080285429954529,0.16586176378428436,4.916421890258789,5.356823921203613,5.321671485900879,0.0,0.6262633800506592,0.0845771144278607
198,model.layers.21.post_attention_layernorm.weight,4.309791564941406,3.7323172092437744,0.9247579574584961,4.214364051818848,0.059616449907461566,4.112900733947754,4.265856742858887,5.082513332366943,0.0,0.5387239456176758,0.024875621890547265
199,model.norm.weight,4.6510443687438965,4.049614906311035,0.939612865447998,4.867547631263733,0.12546702427643794,4.659599304199219,4.983267307281494,5.422189235687256,0.0,0.5813805460929871,0.029850746268656716
200,lm_head.weight,4.903677463531494,4.6472320556640625,0.9600934982299805,6.900978354685009,0.2768993511693229,4.719388961791992,7.44169282913208,5.274136066436768,0.00014734268188476562,0.6129596829414368,0.05472636815920398
